county,municipality,dem_registered,rep_registered,green_registered,lib_registered,unenrolled_registered,total_registered
AND,AUBURN,4343.0,3791.0,572.0,276.0,4421.0,13403
AND,DURHAM,901.0,1015.0,156.0,20.0,1072.0,3164
AND,GREENE,612.0,1124.0,152.0,36.0,928.0,2852
AND,LEEDS,353.0,613.0,73.0,9.0,480.0,1528
AND,LEWISTON,6978.0,4739.0,750.0,650.0,5664.0,18781
AND,LISBON,1466.0,1982.0,162.0,55.0,1948.0,5613
AND,LIVERMORE,416.0,627.0,62.0,14.0,381.0,1500
AND,LIVERMORE FALLS,370.0,597.0,66.0,15.0,539.0,1587
AND,MECHANIC FALLS,451.0,689.0,105.0,22.0,611.0,1878
AND,MINOT,436.0,782.0,113.0,23.0,607.0,1961
AND,POLAND,1006.0,1359.0,186.0,15.0,1189.0,3755
AND,SABATTUS,810.0,1282.0,139.0,42.0,967.0,3240
AND,TURNER,858.0,1646.0,130.0,39.0,1240.0,3913
AND,WALES,163.0,415.0,52.0,7.0,382.0,1019
ARO,ALLAGASH,56.0,55.0,9.0,0.0,51.0,171
ARO,AMITY,21.0,78.0,3.0,2.0,71.0,175
ARO,ASHLAND,157.0,275.0,12.0,4.0,281.0,729
ARO,BENEDICTA TWP,25.0,53.0,3.0,1.0,43.0,125
ARO,BLAINE,59.0,243.0,11.0,2.0,136.0,451
ARO,BRIDGEWATER,47.0,149.0,14.0,0.0,110.0,320
ARO,CARIBOU,1032.0,1640.0,141.0,15.0,1229.0,4057
ARO,CARY TWP,6.0,82.0,13.0,0.0,31.0,132
ARO,CASTLE HILL,52.0,114.0,13.0,3.0,72.0,254
ARO,CASWELL,44.0,45.0,6.0,1.0,44.0,140
ARO,CHAPMAN,63.0,122.0,10.0,1.0,87.0,283
ARO,CONNOR TWP,45.0,87.0,9.0,1.0,71.0,213
ARO,CROSS LAKE TWP (T17 R5),51.0,68.0,14.0,0.0,37.0,170
ARO,CRYSTAL,19.0,76.0,11.0,0.0,64.0,170
ARO,CYR PLT,22.0,22.0,4.0,2.0,12.0,62
ARO,DYER BROOK,20.0,90.0,5.0,0.0,42.0,157
ARO,EAGLE LAKE,190.0,169.0,16.0,0.0,163.0,538
ARO,EASTON,146.0,376.0,25.0,6.0,208.0,761
ARO,FORT FAIRFIELD,500.0,716.0,69.0,11.0,529.0,1825
ARO,FORT KENT,893.0,801.0,35.0,5.0,666.0,2400
ARO,FRENCHVILLE,257.0,210.0,17.0,0.0,162.0,646
ARO,GARFIELD PLT,7.0,30.0,0.0,2.0,26.0,65
ARO,GLENWOOD PLT,0.0,0.0,0.0,0.0,4.0,4
ARO,GRAND ISLE,111.0,56.0,18.0,1.0,82.0,268
ARO,HAMLIN,34.0,34.0,3.0,1.0,44.0,116
ARO,HAMMOND,9.0,22.0,1.0,1.0,27.0,60
ARO,HAYNESVILLE,17.0,28.0,5.0,0.0,26.0,76
ARO,HERSEY,3.0,24.0,3.0,2.0,14.0,46
ARO,HODGDON,102.0,406.0,25.0,4.0,223.0,760
ARO,HOULTON,618.0,1200.0,97.0,17.0,1032.0,2964
ARO,ISLAND FALLS,87.0,225.0,21.0,3.0,146.0,482
ARO,LIMESTONE,208.0,308.0,30.0,4.0,326.0,876
ARO,LINNEUS,53.0,301.0,7.0,2.0,216.0,579
ARO,LITTLETON,91.0,260.0,13.0,1.0,193.0,558
ARO,LUDLOW,44.0,102.0,10.0,2.0,123.0,281
ARO,MACWAHOC PLT,12.0,19.0,4.0,0.0,8.0,43
ARO,MADAWASKA,1061.0,652.0,108.0,5.0,525.0,2351
ARO,MADAWASKA LAKE,40.0,51.0,4.0,0.0,22.0,117
ARO,MAPLETON,252.0,580.0,67.0,10.0,334.0,1243
ARO,MARS HILL,117.0,412.0,31.0,2.0,217.0,779
ARO,MASARDIS,24.0,57.0,7.0,1.0,52.0,141
ARO,MERRILL,32.0,71.0,3.0,4.0,50.0,160
ARO,MONTICELLO,51.0,213.0,11.0,2.0,160.0,437
ARO,MORO PLT,2.0,17.0,1.0,0.0,9.0,29
ARO,NASHVILLE PLT,7.0,11.0,0.0,0.0,6.0,24
ARO,NEW CANADA,60.0,73.0,6.0,0.0,49.0,188
ARO,NEW LIMERICK,54.0,197.0,6.0,1.0,112.0,370
ARO,NEW SWEDEN,84.0,147.0,13.0,0.0,139.0,383
ARO,OAKFIELD,82.0,211.0,21.0,7.0,141.0,462
ARO,ORIENT,16.0,40.0,0.0,0.0,32.0,88
ARO,OXBOW NORTH TWP,6.0,27.0,4.0,0.0,15.0,52
ARO,PERHAM,47.0,138.0,11.0,0.0,78.0,274
ARO,PORTAGE LAKE,55.0,119.0,12.0,4.0,101.0,291
ARO,PRESQUE ISLE,1185.0,1720.0,202.0,48.0,1385.0,4540
ARO,REED PLT,14.0,53.0,6.0,0.0,20.0,93
ARO,SAINT AGATHA,188.0,180.0,39.0,1.0,104.0,512
ARO,SAINT FRANCIS,103.0,73.0,8.0,0.0,76.0,260
ARO,SAINT JOHN PLT,72.0,50.0,3.0,0.0,43.0,168
ARO,SHERMAN,60.0,271.0,13.0,0.0,178.0,522
ARO,SILVER RIDGE TWP,1.0,36.0,2.0,2.0,12.0,53
ARO,SINCLAIR,60.0,42.0,23.0,1.0,45.0,171
ARO,SMYRNA,36.0,90.0,2.0,1.0,61.0,190
ARO,STOCKHOLM,49.0,69.0,7.0,0.0,42.0,167
ARO,VAN BUREN,440.0,251.0,38.0,4.0,276.0,1009
ARO,WADE,32.0,90.0,10.0,3.0,46.0,181
ARO,WALLAGRASS,127.0,94.0,11.0,2.0,94.0,328
ARO,WASHBURN,174.0,383.0,22.0,8.0,275.0,862
ARO,WESTFIELD,58.0,151.0,14.0,1.0,72.0,296
ARO,WESTMANLAND,9.0,34.0,6.0,0.0,25.0,74
ARO,WESTON,31.0,115.0,8.0,1.0,74.0,229
ARO,WINTERVILLE PLT,41.0,57.0,8.0,0.0,53.0,159
ARO,WOODLAND,136.0,369.0,31.0,6.0,207.0,749
CUM,BALDWIN,211.0,531.0,43.0,3.0,333.0,1121
CUM,BRIDGTON,1126.0,1282.0,187.0,31.0,1299.0,3925
CUM,BRUNSWICK,7911.0,2887.0,438.0,41.0,4784.0,16061
CUM,CAPE ELIZABETH,4074.0,1228.0,106.0,6.0,1974.0,7388
CUM,CASCO,684.0,834.0,128.0,17.0,860.0,2523
CUM,CHEBEAGUE ISLAND,192.0,68.0,13.0,0.0,85.0,358
CUM,CUMBERLAND,2830.0,1540.0,113.0,16.0,2030.0,6529
CUM,FALMOUTH,4434.0,2232.0,127.0,29.0,2879.0,9701
CUM,FREEPORT,3135.0,1248.0,145.0,27.0,2079.0,6634
CUM,FRYE ISLAND,15.0,15.0,2.0,0.0,22.0,54
CUM,GORHAM,4498.0,3562.0,384.0,49.0,3860.0,12353
CUM,GRAY,1691.0,1922.0,192.0,49.0,2090.0,5944
CUM,HARPSWELL,1625.0,1063.0,109.0,11.0,1339.0,4147
CUM,HARRISON,461.0,656.0,77.0,11.0,628.0,1833
CUM,LONG ISLAND,90.0,37.0,8.0,0.0,69.0,204
CUM,NAPLES,681.0,1096.0,75.0,20.0,959.0,2831
CUM,NEW GLOUCESTER,1107.0,1330.0,220.0,34.0,1286.0,3977
CUM,NORTH YARMOUTH,1332.0,876.0,100.0,5.0,974.0,3287
CUM,PORTLAND,26987.0,4241.0,1400.0,304.0,11515.0,44447
CUM,POWNAL,469.0,364.0,52.0,2.0,440.0,1327
CUM,RAYMOND,1025.0,1148.0,116.0,22.0,1158.0,3469
CUM,SCARBOROUGH,6551.0,4122.0,365.0,52.0,5516.0,16606
CUM,SEBAGO,365.0,568.0,69.0,6.0,424.0,1432
CUM,SOUTH PORTLAND,9093.0,2514.0,562.0,82.0,4954.0,17205
CUM,STANDISH,1837.0,2505.0,327.0,31.0,1992.0,6692
CUM,WESTBROOK,5113.0,2343.0,421.0,58.0,3674.0,11609
CUM,WINDHAM,3921.0,3959.0,413.0,65.0,4036.0,12394
CUM,YARMOUTH,3403.0,1199.0,200.0,23.0,1878.0,6703
FRA,AVON,72.0,125.0,8.0,2.0,93.0,300
FRA,CARRABASSETT VALLEY,220.0,155.0,24.0,1.0,208.0,608
FRA,CARTHAGE,71.0,139.0,21.0,0.0,139.0,370
FRA,CHESTERVILLE,194.0,349.0,47.0,1.0,312.0,903
FRA,COPLIN PLT,39.0,46.0,9.0,0.0,34.0,128
FRA,DALLAS PLT,57.0,102.0,9.0,1.0,86.0,255
FRA,EUSTIS,110.0,212.0,31.0,5.0,191.0,549
FRA,FARMINGTON,1351.0,1428.0,157.0,19.0,1319.0,4274
FRA,INDUSTRY,122.0,192.0,16.0,0.0,202.0,532
FRA,JAY,925.0,928.0,82.0,15.0,847.0,2797
FRA,KINGFIELD,203.0,377.0,46.0,6.0,315.0,947
FRA,NEW SHARON,244.0,412.0,49.0,6.0,353.0,1064
FRA,NEW VINEYARD,108.0,216.0,21.0,2.0,164.0,511
FRA,PHILLIPS,154.0,295.0,33.0,4.0,268.0,754
FRA,RANGELEY,196.0,400.0,52.0,3.0,305.0,956
FRA,RANGELEY PLT,32.0,70.0,2.0,0.0,59.0,163
FRA,SANDY RIVER PLT,40.0,40.0,2.0,1.0,38.0,121
FRA,STRONG,190.0,432.0,26.0,2.0,277.0,927
FRA,TEMPLE,129.0,123.0,9.0,0.0,94.0,355
FRA,WELD,97.0,129.0,10.0,2.0,105.0,343
FRA,WILTON,650.0,880.0,82.0,9.0,768.0,2389
HAN,AMHERST,48.0,112.0,8.0,1.0,49.0,218
HAN,AURORA,14.0,38.0,4.0,1.0,30.0,87
HAN,BAR HARBOR,2023.0,693.0,89.0,16.0,1245.0,4066
HAN,BLUE HILL,1105.0,491.0,62.0,8.0,665.0,2331
HAN,BROOKLIN,331.0,139.0,24.0,2.0,200.0,696
HAN,BROOKSVILLE,342.0,169.0,46.0,0.0,197.0,754
HAN,BUCKSPORT,895.0,1120.0,90.0,13.0,1063.0,3181
HAN,CASTINE,298.0,119.0,11.0,5.0,197.0,630
HAN,CRANBERRY ISLES,65.0,19.0,3.0,0.0,62.0,149
HAN,DEDHAM,329.0,461.0,60.0,4.0,416.0,1270
HAN,DEER ISLE,604.0,368.0,35.0,2.0,456.0,1465
HAN,EASTBROOK,51.0,150.0,15.0,2.0,81.0,299
HAN,ELLSWORTH,1623.0,2052.0,190.0,34.0,1653.0,5552
HAN,FRANKLIN,288.0,405.0,49.0,4.0,307.0,1053
HAN,FRENCHBORO,10.0,13.0,1.0,0.0,12.0,36
HAN,GOULDSBORO,358.0,495.0,46.0,4.0,354.0,1257
HAN,GREAT POND,11.0,15.0,2.0,0.0,16.0,44
HAN,HANCOCK,429.0,688.0,80.0,11.0,482.0,1690
HAN,LAMOINE,424.0,448.0,43.0,4.0,385.0,1304
HAN,MARIAVILLE,88.0,154.0,7.0,1.0,129.0,379
HAN,MOUNT DESERT,775.0,304.0,30.0,8.0,426.0,1543
HAN,ORLAND,460.0,560.0,84.0,5.0,542.0,1651
HAN,OSBORN,5.0,35.0,0.0,0.0,15.0,55
HAN,OTIS,105.0,255.0,27.0,1.0,160.0,548
HAN,PENOBSCOT,338.0,272.0,33.0,3.0,283.0,929
HAN,SEDGWICK,419.0,218.0,27.0,1.0,268.0,933
HAN,SORRENTO,69.0,97.0,3.0,0.0,61.0,230
HAN,SOUTHWEST HARBOR,575.0,291.0,31.0,2.0,365.0,1264
HAN,STONINGTON,286.0,154.0,24.0,1.0,255.0,720
HAN,SULLIVAN,227.0,280.0,38.0,6.0,288.0,839
HAN,SURRY,418.0,413.0,40.0,6.0,366.0,1243
HAN,SWANS ISLAND,77.0,118.0,22.0,2.0,93.0,312
HAN,TREMONT,432.0,301.0,39.0,4.0,347.0,1123
HAN,TRENTON,351.0,357.0,40.0,8.0,348.0,1104
HAN,VERONA ISLAND,108.0,155.0,12.0,3.0,119.0,397
HAN,WALTHAM,49.0,155.0,8.0,1.0,71.0,284
HAN,WINTER HARBOR,113.0,156.0,9.0,1.0,91.0,370
KEN,ALBION,260.0,627.0,42.0,8.0,408.0,1345
KEN,AUGUSTA,3778.0,3334.0,403.0,80.0,3290.0,10885
KEN,BELGRADE,617.0,898.0,98.0,16.0,783.0,2412
KEN,BENTON,358.0,757.0,67.0,5.0,504.0,1691
KEN,CHELSEA,422.0,657.0,72.0,8.0,558.0,1717
KEN,CHINA,710.0,1111.0,71.0,12.0,893.0,2797
KEN,CLINTON,402.0,817.0,81.0,6.0,588.0,1894
KEN,FARMINGDALE,616.0,642.0,80.0,19.0,575.0,1932
KEN,FAYETTE,268.0,323.0,28.0,7.0,282.0,908
KEN,GARDINER,1278.0,1073.0,215.0,14.0,1013.0,3593
KEN,HALLOWELL,1052.0,369.0,57.0,11.0,477.0,1966
KEN,LITCHFIELD,571.0,1016.0,89.0,16.0,769.0,2461
KEN,MANCHESTER,497.0,685.0,60.0,3.0,536.0,1781
KEN,MONMOUTH,728.0,1128.0,145.0,11.0,896.0,2908
KEN,MOUNT VERNON,398.0,446.0,65.0,9.0,388.0,1306
KEN,OAKLAND,1044.0,1469.0,107.0,17.0,1322.0,3959
KEN,PITTSTON,461.0,818.0,76.0,12.0,631.0,1998
KEN,RANDOLPH,331.0,410.0,59.0,4.0,315.0,1119
KEN,READFIELD,606.0,649.0,77.0,11.0,592.0,1935
KEN,ROME,239.0,261.0,34.0,4.0,255.0,793
KEN,SIDNEY,733.0,1433.0,125.0,15.0,1009.0,3315
KEN,VASSALBORO,767.0,1051.0,155.0,23.0,871.0,2867
KEN,VIENNA,134.0,123.0,34.0,2.0,165.0,458
KEN,WATERVILLE,3542.0,1853.0,220.0,76.0,2591.0,8282
KEN,WAYNE,352.0,271.0,13.0,1.0,297.0,934
KEN,WEST GARDINER,629.0,1043.0,119.0,19.0,824.0,2634
KEN,WINDSOR,330.0,739.0,73.0,14.0,520.0,1676
KEN,WINSLOW,1483.0,1772.0,152.0,28.0,1605.0,5040
KEN,WINTHROP,1301.0,1379.0,187.0,20.0,1309.0,4196
KNO,APPLETON,331.0,324.0,55.0,6.0,295.0,1011
KNO,CAMDEN,2288.0,608.0,110.0,12.0,1086.0,4104
KNO,CUSHING,289.0,410.0,40.0,2.0,386.0,1127
KNO,FRIENDSHIP,227.0,391.0,42.0,6.0,252.0,918
KNO,HOPE,444.0,359.0,28.0,7.0,386.0,1224
KNO,ISLE AU HAUT,47.0,4.0,1.0,1.0,19.0,72
KNO,MATINICUS ISLE PLT,21.0,7.0,1.0,0.0,25.0,54
KNO,NORTH HAVEN,182.0,41.0,5.0,1.0,97.0,326
KNO,OWLS HEAD,418.0,373.0,23.0,2.0,385.0,1201
KNO,ROCKLAND,1935.0,909.0,90.0,25.0,1417.0,4376
KNO,ROCKPORT,1269.0,588.0,63.0,10.0,831.0,2761
KNO,SAINT GEORGE,806.0,501.0,49.0,7.0,642.0,2005
KNO,SOUTH THOMASTON,417.0,323.0,24.0,6.0,398.0,1168
KNO,THOMASTON,694.0,511.0,76.0,9.0,561.0,1851
KNO,UNION,454.0,692.0,80.0,3.0,557.0,1786
KNO,VINALHAVEN,359.0,211.0,32.0,5.0,284.0,891
KNO,WARREN,627.0,997.0,126.0,14.0,835.0,2599
KNO,WASHINGTON,262.0,394.0,43.0,5.0,389.0,1093
LIN,ALNA,256.0,159.0,26.0,5.0,168.0,614
LIN,BOOTHBAY,790.0,704.0,91.0,6.0,784.0,2375
LIN,BOOTHBAY HARBOR,540.0,458.0,38.0,8.0,491.0,1535
LIN,BREMEN,307.0,133.0,20.0,1.0,226.0,687
LIN,BRISTOL,912.0,633.0,49.0,4.0,761.0,2359
LIN,DAMARISCOTTA,720.0,355.0,67.0,6.0,464.0,1612
LIN,DRESDEN,359.0,453.0,51.0,14.0,414.0,1291
LIN,EDGECOMB,399.0,256.0,37.0,2.0,276.0,970
LIN,JEFFERSON,501.0,723.0,71.0,12.0,614.0,1921
LIN,MONHEGAN ISLAND PLT,42.0,6.0,5.0,1.0,14.0,68
LIN,NEWCASTLE,694.0,338.0,61.0,6.0,421.0,1520
LIN,NOBLEBORO,508.0,495.0,58.0,7.0,432.0,1500
LIN,SOMERVILLE,78.0,159.0,24.0,2.0,130.0,393
LIN,SOUTH BRISTOL,312.0,211.0,21.0,1.0,267.0,812
LIN,SOUTHPORT,190.0,165.0,10.0,2.0,141.0,508
LIN,WALDOBORO,966.0,1228.0,117.0,12.0,1051.0,3374
LIN,WESTPORT ISLAND,215.0,181.0,21.0,3.0,196.0,616
LIN,WHITEFIELD,447.0,560.0,76.0,5.0,503.0,1591
LIN,WISCASSET,762.0,847.0,98.0,10.0,867.0,2584
OXF,ALBANY TWP,91.0,122.0,18.0,1.0,135.0,367
OXF,ANDOVER,114.0,227.0,25.0,0.0,215.0,581
OXF,BETHEL,593.0,533.0,45.0,8.0,784.0,1963
OXF,BROWNFIELD,297.0,336.0,77.0,7.0,435.0,1152
OXF,BUCKFIELD,232.0,499.0,42.0,11.0,564.0,1348
OXF,BYRON,25.0,46.0,8.0,0.0,35.0,114
OXF,CANTON,121.0,252.0,27.0,7.0,187.0,594
OXF,DENMARK,247.0,317.0,33.0,1.0,303.0,901
OXF,DIXFIELD,253.0,528.0,84.0,6.0,537.0,1408
OXF,FRYEBURG,729.0,639.0,103.0,8.0,802.0,2281
OXF,GILEAD,35.0,47.0,7.0,0.0,49.0,138
OXF,GREENWOOD,179.0,173.0,18.0,1.0,260.0,631
OXF,HANOVER,62.0,69.0,3.0,1.0,83.0,218
OXF,HARTFORD,171.0,334.0,44.0,1.0,248.0,798
OXF,HEBRON,193.0,310.0,54.0,11.0,316.0,884
OXF,HIRAM,255.0,412.0,23.0,3.0,369.0,1062
OXF,LINCOLN PLT,6.0,13.0,5.0,1.0,13.0,38
OXF,LOVELL,274.0,252.0,29.0,1.0,337.0,893
OXF,MAGALLOWAY TWP,3.0,7.0,1.0,1.0,10.0,22
OXF,MEXICO,401.0,395.0,52.0,8.0,512.0,1368
OXF,NEWRY,82.0,80.0,14.0,0.0,119.0,295
OXF,NORWAY,969.0,1075.0,157.0,15.0,1050.0,3266
OXF,OTISFIELD,347.0,490.0,65.0,8.0,421.0,1331
OXF,OXFORD,477.0,1124.0,102.0,21.0,926.0,2650
OXF,PARIS,758.0,1224.0,174.0,17.0,981.0,3154
OXF,PERU,222.0,321.0,38.0,6.0,360.0,947
OXF,PORTER,196.0,383.0,37.0,9.0,393.0,1018
OXF,ROXBURY,64.0,92.0,16.0,2.0,103.0,277
OXF,RUMFORD,878.0,971.0,106.0,18.0,1010.0,2983
OXF,STONEHAM,56.0,72.0,7.0,0.0,83.0,218
OXF,STOW,76.0,79.0,20.0,0.0,87.0,262
OXF,SUMNER,137.0,222.0,37.0,4.0,243.0,643
OXF,SWEDEN,85.0,81.0,22.0,0.0,115.0,303
OXF,UPTON,7.0,32.0,1.0,0.0,25.0,65
OXF,WATERFORD,296.0,423.0,42.0,3.0,350.0,1114
OXF,WEST PARIS,263.0,418.0,22.0,3.0,396.0,1102
OXF,WOODSTOCK,235.0,378.0,66.0,4.0,327.0,1010
PEN,ALTON,136.0,234.0,23.0,11.0,158.0,562
PEN,BANGOR,6422.0,4615.0,473.0,160.0,5415.0,17085
PEN,BRADFORD,112.0,363.0,27.0,7.0,256.0,765
PEN,BRADLEY,279.0,379.0,47.0,18.0,279.0,1002
PEN,BREWER,1700.0,2074.0,217.0,39.0,1587.0,5617
PEN,BURLINGTON,43.0,143.0,11.0,1.0,87.0,285
PEN,CARMEL,318.0,922.0,67.0,13.0,610.0,1930
PEN,CARROLL PLT,8.0,57.0,5.0,1.0,29.0,100
PEN,CHARLESTON,113.0,451.0,14.0,3.0,250.0,831
PEN,CHESTER,51.0,227.0,16.0,0.0,88.0,382
PEN,CLIFTON,117.0,246.0,22.0,3.0,193.0,581
PEN,CORINNA,221.0,648.0,77.0,9.0,370.0,1325
PEN,CORINTH,268.0,930.0,48.0,4.0,461.0,1711
PEN,DEXTER,465.0,943.0,87.0,15.0,616.0,2126
PEN,DIXMONT,186.0,346.0,17.0,6.0,235.0,790
PEN,DREW TWP,3.0,6.0,4.0,1.0,4.0,18
PEN,EAST MILLINOCKET,305.0,424.0,45.0,2.0,201.0,977
PEN,EDDINGTON,330.0,692.0,76.0,14.0,429.0,1541
PEN,EDINBURG,33.0,52.0,4.0,2.0,42.0,133
PEN,ENFIELD,234.0,440.0,22.0,0.0,262.0,958
PEN,ETNA,176.0,353.0,23.0,5.0,200.0,757
PEN,EXETER,109.0,297.0,8.0,2.0,184.0,600
PEN,GARLAND,128.0,326.0,23.0,4.0,215.0,696
PEN,GLENBURN,692.0,1257.0,112.0,17.0,944.0,3022
PEN,GREENBUSH,136.0,346.0,27.0,25.0,265.0,799
PEN,HAMPDEN,1581.0,2053.0,174.0,55.0,1558.0,5421
PEN,HERMON,946.0,1962.0,113.0,20.0,1312.0,4353
PEN,HOLDEN,579.0,921.0,103.0,14.0,646.0,2263
PEN,HOWLAND,175.0,299.0,22.0,6.0,198.0,700
PEN,HUDSON,186.0,416.0,36.0,4.0,302.0,944
PEN,KENDUSKEAG,151.0,396.0,37.0,3.0,257.0,844
PEN,KINGMAN TWP,5.0,50.0,4.0,2.0,17.0,78
PEN,LAGRANGE,73.0,171.0,14.0,10.0,122.0,390
PEN,LAKEVILLE,19.0,38.0,4.0,0.0,29.0,90
PEN,LEE,82.0,314.0,22.0,5.0,180.0,603
PEN,LEVANT,301.0,965.0,76.0,6.0,551.0,1899
PEN,LINCOLN,589.0,1392.0,75.0,16.0,905.0,2977
PEN,LOWELL,51.0,159.0,13.0,1.0,71.0,295
PEN,MATTAWAMKEAG,115.0,181.0,15.0,2.0,138.0,451
PEN,MAXFIELD,10.0,46.0,4.0,2.0,20.0,82
PEN,MEDWAY,171.0,356.0,36.0,2.0,221.0,786
PEN,MILFORD,613.0,674.0,88.0,36.0,604.0,2015
PEN,MILLINOCKET,868.0,921.0,68.0,10.0,920.0,2787
PEN,MOUNT CHASE,32.0,80.0,8.0,0.0,41.0,161
PEN,NEWBURGH,250.0,450.0,32.0,11.0,371.0,1114
PEN,NEWPORT,425.0,973.0,44.0,17.0,552.0,2011
PEN,OLD TOWN,1661.0,1168.0,176.0,116.0,1392.0,4513
PEN,ORONO,2678.0,1019.0,251.0,65.0,1993.0,6006
PEN,ORRINGTON,666.0,1160.0,145.0,16.0,790.0,2777
PEN,PASSADUMKEAG,40.0,131.0,12.0,2.0,75.0,260
PEN,PATTEN,89.0,271.0,21.0,1.0,169.0,551
PEN,PENOBSCOT NATION VOTING DISTRICT,195.0,26.0,16.0,9.0,92.0,338
PEN,PLYMOUTH,135.0,410.0,24.0,10.0,256.0,835
PEN,PRENTISS TWP T7 R3 NBPP,16.0,59.0,9.0,0.0,28.0,112
PEN,SEBOEIS PLT,10.0,15.0,0.0,0.0,7.0,32
PEN,SPRINGFIELD,30.0,107.0,2.0,1.0,67.0,207
PEN,STACYVILLE,29.0,111.0,4.0,1.0,73.0,218
PEN,STETSON,129.0,409.0,41.0,3.0,261.0,843
PEN,VEAZIE,445.0,386.0,44.0,11.0,365.0,1251
PEN,WEBSTER PLT,13.0,21.0,1.0,0.0,12.0,47
PEN,WINN,49.0,116.0,6.0,1.0,64.0,236
PEN,WOODVILLE,17.0,92.0,6.0,0.0,42.0,157
PIS,ABBOT,80.0,213.0,20.0,5.0,118.0,436
PIS,ATKINSON TWP,28.0,83.0,10.0,0.0,52.0,173
PIS,BEAVER COVE,23.0,48.0,5.0,0.0,48.0,124
PIS,BOWERBANK,21.0,70.0,2.0,0.0,43.0,136
PIS,BROWNVILLE,188.0,337.0,26.0,4.0,315.0,870
PIS,DOVER-FOXCROFT,581.0,1154.0,92.0,11.0,794.0,2632
PIS,GREENVILLE,257.0,554.0,30.0,1.0,415.0,1257
PIS,GUILFORD,162.0,369.0,35.0,4.0,237.0,807
PIS,KINGSBURY PLT,6.0,14.0,3.0,0.0,10.0,33
PIS,LAKE VIEW PLT,27.0,76.0,4.0,0.0,42.0,149
PIS,MEDFORD,31.0,90.0,6.0,2.0,69.0,198
PIS,MILO,322.0,539.0,58.0,10.0,472.0,1401
PIS,MONSON,104.0,223.0,23.0,5.0,195.0,550
PIS,PARKMAN,95.0,232.0,15.0,3.0,183.0,528
PIS,SANGERVILLE,164.0,400.0,33.0,8.0,290.0,895
PIS,SEBEC,77.0,233.0,14.0,2.0,132.0,458
PIS,SHIRLEY,26.0,72.0,10.0,0.0,72.0,180
PIS,WELLINGTON,45.0,52.0,9.0,1.0,54.0,161
PIS,WILLIMANTIC,14.0,46.0,6.0,0.0,34.0,100
SAG,ARROWSIC,206.0,54.0,10.0,0.0,111.0,381
SAG,BATH,2653.0,1110.0,202.0,33.0,1727.0,5725
SAG,BOWDOIN,445.0,739.0,67.0,7.0,779.0,2037
SAG,BOWDOINHAM,794.0,648.0,64.0,13.0,714.0,2233
SAG,GEORGETOWN,416.0,234.0,28.0,3.0,271.0,952
SAG,PHIPPSBURG,602.0,570.0,54.0,11.0,557.0,1794
SAG,RICHMOND,627.0,823.0,145.0,24.0,697.0,2316
SAG,TOPSHAM,2769.0,1707.0,187.0,27.0,2359.0,7049
SAG,WEST BATH,519.0,452.0,59.0,7.0,515.0,1552
SAG,WOOLWICH,754.0,826.0,105.0,10.0,722.0,2417
SOM,ANSON,271.0,616.0,65.0,4.0,437.0,1393
SOM,ATHENS,135.0,237.0,17.0,1.0,192.0,582
SOM,BINGHAM,114.0,276.0,19.0,3.0,216.0,628
SOM,BRIGHTON PLT,10.0,15.0,4.0,0.0,19.0,48
SOM,CAMBRIDGE,40.0,139.0,8.0,2.0,88.0,277
SOM,CANAAN,328.0,552.0,54.0,5.0,393.0,1332
SOM,CARATUNK,14.0,34.0,2.0,0.0,16.0,66
SOM,CORNVILLE,191.0,378.0,32.0,10.0,295.0,906
SOM,DENNISTOWN PLT,4.0,15.0,1.0,0.0,7.0,27
SOM,DETROIT,106.0,197.0,44.0,3.0,185.0,535
SOM,EMBDEN,135.0,341.0,20.0,2.0,225.0,723
SOM,FAIRFIELD,952.0,1361.0,141.0,20.0,1160.0,3634
SOM,HARMONY,104.0,247.0,16.0,1.0,179.0,547
SOM,HARTLAND,212.0,541.0,41.0,11.0,244.0,1049
SOM,HIGHLAND PLT,18.0,39.0,6.0,0.0,54.0,117
SOM,JACKMAN,70.0,280.0,4.0,2.0,235.0,591
SOM,MADISON,618.0,1082.0,108.0,18.0,795.0,2621
SOM,MERCER,125.0,200.0,24.0,4.0,178.0,531
SOM,MOOSE RIVER,7.0,90.0,3.0,1.0,31.0,132
SOM,MOSCOW,67.0,141.0,18.0,0.0,88.0,314
SOM,NEW PORTLAND,126.0,215.0,47.0,6.0,193.0,587
SOM,NORRIDGEWOCK,493.0,874.0,86.0,3.0,593.0,2049
SOM,PALMYRA,212.0,644.0,42.0,5.0,344.0,1247
SOM,PITTSFIELD,499.0,920.0,86.0,17.0,649.0,2171
SOM,PLEASANT RIDGE PLT,10.0,22.0,0.0,0.0,21.0,53
SOM,RIPLEY,68.0,155.0,7.0,5.0,102.0,337
SOM,ROCKWOOD STRIP TWP,47.0,135.0,7.0,1.0,63.0,253
SOM,SAINT ALBANS,207.0,654.0,28.0,5.0,421.0,1315
SOM,SKOWHEGAN,1295.0,1778.0,129.0,30.0,1414.0,4646
SOM,SMITHFIELD,166.0,274.0,21.0,1.0,233.0,695
SOM,SOLON,140.0,283.0,25.0,1.0,220.0,669
SOM,STARKS,102.0,149.0,16.0,2.0,171.0,440
SOM,THE FORKS PLT,8.0,17.0,5.0,0.0,14.0,44
SOM,WEST FORKS PLT,9.0,25.0,0.0,0.0,20.0,54
WAL,BELFAST,2276.0,950.0,184.0,11.0,1257.0,4678
WAL,BELMONT,152.0,246.0,29.0,4.0,211.0,642
WAL,BROOKS,160.0,280.0,35.0,2.0,193.0,670
WAL,BURNHAM,134.0,244.0,22.0,6.0,303.0,709
WAL,FRANKFORT,146.0,276.0,27.0,10.0,290.0,749
WAL,FREEDOM,161.0,161.0,27.0,2.0,164.0,515
WAL,ISLESBORO,276.0,69.0,10.0,0.0,149.0,504
WAL,JACKSON,94.0,146.0,18.0,2.0,127.0,387
WAL,KNOX,93.0,233.0,23.0,1.0,172.0,522
WAL,LIBERTY,229.0,230.0,17.0,2.0,210.0,688
WAL,LINCOLNVILLE,838.0,437.0,73.0,5.0,552.0,1905
WAL,MONROE,240.0,200.0,42.0,3.0,175.0,660
WAL,MONTVILLE,237.0,208.0,30.0,5.0,262.0,742
WAL,MORRILL,161.0,300.0,21.0,2.0,191.0,675
WAL,NORTHPORT,472.0,349.0,49.0,8.0,358.0,1236
WAL,PALERMO,248.0,487.0,73.0,7.0,334.0,1149
WAL,PROSPECT,109.0,188.0,16.0,0.0,176.0,489
WAL,SEARSMONT,329.0,335.0,32.0,3.0,356.0,1055
WAL,SEARSPORT,577.0,596.0,63.0,10.0,609.0,1855
WAL,STOCKTON SPRINGS,374.0,421.0,23.0,6.0,427.0,1251
WAL,SWANVILLE,251.0,351.0,30.0,5.0,332.0,969
WAL,THORNDIKE,127.0,190.0,42.0,0.0,177.0,536
WAL,TROY,120.0,264.0,38.0,7.0,193.0,622
WAL,UNITY,291.0,392.0,34.0,6.0,311.0,1034
WAL,WALDO,152.0,208.0,30.0,0.0,161.0,551
WAL,WINTERPORT,653.0,976.0,135.0,24.0,749.0,2537
WAS,ADDISON,196.0,375.0,17.0,4.0,218.0,810
WAS,ALEXANDER,71.0,187.0,14.0,0.0,112.0,384
WAS,BAILEYVILLE,146.0,335.0,36.0,8.0,237.0,762
WAS,BARING PLT,45.0,61.0,3.0,0.0,32.0,141
WAS,BEALS,80.0,138.0,8.0,3.0,83.0,312
WAS,BEDDINGTON,17.0,32.0,0.0,2.0,30.0,81
WAS,BIG LAKE TWP,7.0,40.0,3.0,1.0,29.0,80
WAS,BROOKTON TWP,20.0,51.0,1.0,0.0,24.0,96
WAS,CALAIS,384.0,613.0,36.0,15.0,670.0,1718
WAS,CHARLOTTE,53.0,116.0,6.0,1.0,75.0,251
WAS,CHERRYFIELD,161.0,326.0,20.0,2.0,237.0,746
WAS,CODYVILLE TWP,1.0,3.0,0.0,0.0,5.0,9
WAS,COLUMBIA,38.0,143.0,10.0,0.0,78.0,269
WAS,COLUMBIA FALLS,75.0,193.0,13.0,3.0,106.0,390
WAS,COOPER,24.0,63.0,2.0,2.0,30.0,121
WAS,CRAWFORD,11.0,43.0,2.0,0.0,26.0,82
WAS,CUTLER,72.0,186.0,10.0,3.0,110.0,381
WAS,DANFORTH,54.0,161.0,8.0,2.0,122.0,347
WAS,DEBLOIS,7.0,31.0,2.0,0.0,11.0,51
WAS,DENNYSVILLE,44.0,82.0,10.0,0.0,62.0,198
WAS,EAST MACHIAS,190.0,444.0,42.0,5.0,282.0,963
WAS,EASTPORT,381.0,251.0,26.0,1.0,282.0,941
WAS,EDMUNDS TWP,42.0,61.0,11.0,1.0,47.0,162
WAS,GRAND LAKE STREAM PLT,25.0,65.0,5.0,0.0,36.0,131
WAS,HARRINGTON,132.0,301.0,21.0,1.0,162.0,617
WAS,INDIAN TOWNSHIP,176.0,49.0,13.0,3.0,79.0,320
WAS,JONESBORO,79.0,173.0,17.0,5.0,120.0,394
WAS,JONESPORT,198.0,398.0,31.0,2.0,212.0,841
WAS,LUBEC,346.0,270.0,27.0,3.0,357.0,1003
WAS,MACHIAS,262.0,385.0,35.0,8.0,381.0,1071
WAS,MACHIASPORT,139.0,236.0,18.0,4.0,252.0,649
WAS,MARSHFIELD,60.0,190.0,7.0,2.0,101.0,360
WAS,MEDDYBEMPS,23.0,47.0,6.0,0.0,29.0,105
WAS,MILBRIDGE,211.0,352.0,46.0,1.0,249.0,859
WAS,NORTHFIELD,26.0,58.0,7.0,1.0,49.0,141
WAS,PEMBROKE,139.0,216.0,23.0,2.0,166.0,546
WAS,PERRY,127.0,230.0,17.0,1.0,181.0,556
WAS,PLEASANT POINT VOTING DISTRICT,136.0,27.0,11.0,1.0,102.0,277
WAS,PRINCETON,84.0,201.0,9.0,2.0,162.0,458
WAS,ROBBINSTON,88.0,185.0,9.0,2.0,120.0,404
WAS,ROQUE BLUFFS,60.0,75.0,3.0,2.0,87.0,227
WAS,STEUBEN,194.0,340.0,24.0,5.0,284.0,847
WAS,TALMADGE,3.0,25.0,2.0,0.0,10.0,40
WAS,TOPSFIELD,9.0,69.0,2.0,0.0,40.0,120
WAS,VANCEBORO,25.0,37.0,2.0,0.0,31.0,95
WAS,WAITE,11.0,29.0,2.0,0.0,10.0,52
WAS,WESLEY,23.0,47.0,7.0,1.0,39.0,117
WAS,WHITING,120.0,168.0,10.0,2.0,109.0,409
WAS,WHITNEYVILLE,28.0,45.0,4.0,2.0,44.0,123
YOR,ACTON,476.0,746.0,87.0,10.0,624.0,1943
YOR,ALFRED,596.0,734.0,58.0,10.0,802.0,2200
YOR,ARUNDEL,988.0,948.0,77.0,12.0,1082.0,3107
YOR,BERWICK,1436.0,1532.0,115.0,26.0,2112.0,5221
YOR,BIDDEFORD,5810.0,2458.0,410.0,117.0,3699.0,12494
YOR,BUXTON,1579.0,2025.0,185.0,28.0,1765.0,5582
YOR,CORNISH,282.0,370.0,52.0,5.0,321.0,1030
YOR,DAYTON,377.0,564.0,41.0,8.0,570.0,1560
YOR,ELIOT,1912.0,1287.0,100.0,20.0,1727.0,5046
YOR,HOLLIS,824.0,1229.0,136.0,13.0,1074.0,3276
YOR,KENNEBUNK,3489.0,1999.0,147.0,26.0,3474.0,9135
YOR,KENNEBUNKPORT,1238.0,834.0,64.0,11.0,896.0,3043
YOR,KITTERY,3339.0,1374.0,154.0,29.0,2300.0,7196
YOR,LEBANON,764.0,1479.0,182.0,14.0,1649.0,4088
YOR,LIMERICK,509.0,732.0,78.0,14.0,929.0,2262
YOR,LIMINGTON,591.0,1005.0,151.0,15.0,829.0,2591
YOR,LYMAN,853.0,1213.0,111.0,21.0,1109.0,3307
YOR,NEWFIELD,226.0,437.0,59.0,7.0,394.0,1123
YOR,NORTH BERWICK,985.0,1144.0,113.0,15.0,1295.0,3552
YOR,OGUNQUIT,574.0,234.0,38.0,1.0,363.0,1210
YOR,OLD ORCHARD BEACH,2625.0,1602.0,142.0,44.0,2263.0,6676
YOR,PARSONSFIELD,321.0,446.0,39.0,7.0,469.0,1282
YOR,SACO,5701.0,3142.0,411.0,72.0,4311.0,13637
YOR,SANFORD,3645.0,3600.0,399.0,98.0,4546.0,12288
YOR,SHAPLEIGH,476.0,787.0,101.0,14.0,688.0,2066
YOR,SOUTH BERWICK,2081.0,1231.0,141.0,16.0,1710.0,5179
YOR,WATERBORO,1258.0,1913.0,212.0,18.0,1641.0,5042
YOR,WELLS,2929.0,2466.0,154.0,20.0,3570.0,9139
YOR,YORK,4107.0,2410.0,210.0,27.0,3657.0,10411
